chromosome,             position    putative_genotype       posterior_probability   n_reads
chr1:1000000-2000000    172741      AA                      0.9947035619462352      5
chr1:1000000-2000000    325026      GG                      0.23212160875773435     3
chr1:1000000-2000000    375797      AA                      0.9956845526575606      8
chr1:1000000-2000000    423797      AA                      0.44434615725878507     7
chr1:1000000-2000000    518726      GG                      0.013658578683693861    7
chr1:1000000-2000000    568632      TT                      0.13421011701263563     6
chr1:1000000-2000000    868896      TT                      0.7885189537040443      5
